,chip,code,C,R,F,label,count,probability,date,date_index,dataset,concentration
0,0,0,0,0,0,¬C¬R¬F,133.0,0.3527851458885941,20220524,1,0,0.0
47,5,7,1,1,1,CRF,0.0,0.0,20220602,1,1,0.0
46,5,6,1,1,0,CR¬F,0.0,0.0,20220602,1,1,0.0
45,5,5,1,0,1,C¬RF,0.0,0.0,20220602,1,1,0.0
44,5,4,1,0,0,C¬R¬F,196.0,0.7716535433070866,20220602,1,1,0.0
43,5,3,0,1,1,¬CRF,0.0,0.0,20220602,1,1,0.0
42,5,2,0,1,0,¬CR¬F,0.0,0.0,20220602,1,1,0.0
41,5,1,0,0,1,¬C¬RF,0.0,0.0,20220602,1,1,0.0
40,5,0,0,0,0,¬C¬R¬F,58.0,0.2283464566929134,20220602,1,1,0.0
0,0,0,0,0,0,¬C¬R¬F,77.0,0.1684901531728665,20221122,1,8,0.0
1,0,1,0,0,1,¬C¬RF,0.0,0.0,20221122,1,8,0.0
2,0,2,0,1,0,¬CR¬F,0.0,0.0,20221122,1,8,0.0
0,0,0,0,0,0,¬C¬R¬F,54.0,0.1205357142857142,20220628,1,2,0.0
3,0,3,0,1,1,¬CRF,0.0,0.0,20221122,1,8,0.0
5,0,5,1,0,1,C¬RF,0.0,0.0,20221122,1,8,0.0
6,0,6,1,1,0,CR¬F,0.0,0.0,20221122,1,8,0.0
7,0,7,1,1,1,CRF,0.0,0.0,20221122,1,8,0.0
2,0,2,0,1,0,¬CR¬F,0.0,0.0,20221031,1,6,0.0
7,0,7,1,1,1,CRF,0.0,0.0,20230313,1,12,0.0
6,0,6,1,1,0,CR¬F,0.0,0.0,20230313,1,12,0.0
5,0,5,1,0,1,C¬RF,1.0,0.0025974025974025,20230313,1,12,0.0
4,0,4,1,0,0,C¬R¬F,196.0,0.509090909090909,20230313,1,12,0.0
3,0,3,0,1,1,¬CRF,0.0,0.0,20230313,1,12,0.0
2,0,2,0,1,0,¬CR¬F,0.0,0.0,20230313,1,12,0.0
1,0,1,0,0,1,¬C¬RF,0.0,0.0,20230313,1,12,0.0
4,0,4,1,0,0,C¬R¬F,380.0,0.8315098468271335,20221122,1,8,0.0
0,0,0,0,0,0,¬C¬R¬F,188.0,0.4883116883116883,20230313,1,12,0.0
1,0,1,0,0,1,¬C¬RF,0.0,0.0,20220628,1,2,0.0
3,0,3,0,1,1,¬CRF,0.0,0.0,20220628,1,2,0.0
3,0,3,0,1,1,¬CRF,0.0,0.0,20221031,1,6,0.0
4,0,4,1,0,0,C¬R¬F,275.0,0.6365740740740741,20221031,1,6,0.0
5,0,5,1,0,1,C¬RF,0.0,0.0,20221031,1,6,0.0
6,0,6,1,1,0,CR¬F,0.0,0.0,20221031,1,6,0.0
7,0,7,1,1,1,CRF,0.0,0.0,20221031,1,6,0.0
0,0,0,0,0,0,¬C¬R¬F,157.0,0.3634259259259259,20221031,1,6,0.0
0,0,0,0,0,0,¬C¬R¬F,110.0,0.2941176470588235,20230221,1,11,0.0
1,0,1,0,0,1,¬C¬RF,4.0,0.0106951871657754,20230221,1,11,0.0
2,0,2,0,1,0,¬CR¬F,184.0,0.4919786096256685,20230221,1,11,0.0
3,0,3,0,1,1,¬CRF,10.0,0.0267379679144385,20230221,1,11,0.0
4,0,4,1,0,0,C¬R¬F,4.0,0.0106951871657754,20230221,1,11,0.0
2,0,2,0,1,0,¬CR¬F,0.0,0.0,20220628,1,2,0.0
5,0,5,1,0,1,C¬RF,4.0,0.0106951871657754,20230221,1,11,0.0
1,0,1,0,0,1,¬C¬RF,0.0,0.0,20221031,2,7,0.0
2,0,2,0,1,0,¬CR¬F,0.0,0.0,20221031,2,7,0.0
3,0,3,0,1,1,¬CRF,0.0,0.0,20221031,2,7,0.0
4,0,4,1,0,0,C¬R¬F,324.0,0.7751196172248804,20221031,2,7,0.0
5,0,5,1,0,1,C¬RF,0.0,0.0,20221031,2,7,0.0
6,0,6,1,1,0,CR¬F,0.0,0.0,20221031,2,7,0.0
7,0,7,1,1,1,CRF,0.0,0.0,20221031,2,7,0.0
7,0,7,1,1,1,CRF,0.0,0.0,20220628,1,2,0.0
6,0,6,1,1,0,CR¬F,0.0,0.0,20220628,1,2,0.0
5,0,5,1,0,1,C¬RF,0.0,0.0,20220628,1,2,0.0
4,0,4,1,0,0,C¬R¬F,394.0,0.8794642857142857,20220628,1,2,0.0
0,0,0,0,0,0,¬C¬R¬F,94.0,0.2248803827751196,20221031,2,7,0.0
7,0,7,1,1,1,CRF,0.0,0.0,20221013,1,5,0.0
1,0,1,0,0,1,¬C¬RF,0.0,0.0,20221031,1,6,0.0
5,0,5,1,0,1,C¬RF,0.0,0.0,20221013,1,5,0.0
5,0,5,1,0,1,C¬RF,0.0,0.0,20230111,1,9,0.0
6,0,6,1,1,0,CR¬F,0.0,0.0,20230111,1,9,0.0
7,0,7,1,1,1,CRF,0.0,0.0,20230111,1,9,0.0
0,0,0,0,0,0,¬C¬R¬F,140.0,0.3482587064676617,20221012,1,4,0.0
1,0,1,0,0,1,¬C¬RF,0.0,0.0,20221012,1,4,0.0
6,0,6,1,1,0,CR¬F,0.0,0.0,20221013,1,5,0.0
3,0,3,0,1,1,¬CRF,0.0,0.0,20221012,1,4,0.0
4,0,4,1,0,0,C¬R¬F,262.0,0.6517412935323383,20221012,1,4,0.0
5,0,5,1,0,1,C¬RF,0.0,0.0,20221012,1,4,0.0
6,0,6,1,1,0,CR¬F,0.0,0.0,20221012,1,4,0.0
7,0,7,1,1,1,CRF,0.0,0.0,20221012,1,4,0.0
7,0,7,1,1,1,CRF,11.0,0.0294117647058823,20230221,1,11,0.0
7,0,7,1,1,1,CRF,0.0,0.0,20220524,1,0,0.0
6,0,6,1,1,0,CR¬F,0.0,0.0,20220524,1,0,0.0
5,0,5,1,0,1,C¬RF,0.0,0.0,20220524,1,0,0.0
4,0,4,1,0,0,C¬R¬F,244.0,0.6472148541114059,20220524,1,0,0.0
3,0,3,0,1,1,¬CRF,0.0,0.0,20220524,1,0,0.0
2,0,2,0,1,0,¬CR¬F,0.0,0.0,20220524,1,0,0.0
1,0,1,0,0,1,¬C¬RF,0.0,0.0,20220524,1,0,0.0
4,0,4,1,0,0,C¬R¬F,48.0,0.1481481481481481,20230111,1,9,0.0
3,0,3,0,1,1,¬CRF,0.0,0.0,20230111,1,9,0.0
2,0,2,0,1,0,¬CR¬F,0.0,0.0,20221012,1,4,0.0
4,0,4,1,0,0,C¬R¬F,219.0,0.697452229299363,20221013,1,5,0.0
3,0,3,0,1,1,¬CRF,0.0,0.0,20221013,1,5,0.0
2,0,2,0,1,0,¬CR¬F,0.0,0.0,20221013,1,5,0.0
1,0,1,0,0,1,¬C¬RF,0.0,0.0,20221013,1,5,0.0
0,0,0,0,0,0,¬C¬R¬F,95.0,0.3025477707006369,20221013,1,5,0.0
6,0,6,1,1,0,CR¬F,47.0,0.1256684491978609,20230221,1,11,0.0
0,0,0,0,0,0,¬C¬R¬F,276.0,0.8518518518518519,20230111,1,9,0.0
1,0,1,0,0,1,¬C¬RF,0.0,0.0,20230111,1,9,0.0
2,0,2,0,1,0,¬CR¬F,0.0,0.0,20230111,1,9,0.0
8,1,0,0,0,0,¬C¬R¬F,426.0,0.9487750556792872,20221122,1,8,0.5
8,1,0,0,0,0,¬C¬R¬F,207.0,0.4987951807228916,20230221,1,11,0.5
9,1,1,0,0,1,¬C¬RF,0.0,0.0,20230221,1,11,0.5
15,1,7,1,1,1,CRF,0.0,0.0,20230313,1,12,0.5
9,1,1,0,0,1,¬C¬RF,0.0,0.0,20221122,1,8,0.5
13,1,5,1,0,1,C¬RF,0.0,0.0,20230221,1,11,0.5
11,1,3,0,1,1,¬CRF,0.0,0.0,20230221,1,11,0.5
12,1,4,1,0,0,C¬R¬F,208.0,0.5012048192771085,20230221,1,11,0.5
14,1,6,1,1,0,CR¬F,0.0,0.0,20230221,1,11,0.5
15,1,7,1,1,1,CRF,0.0,0.0,20230221,1,11,0.5
10,1,2,0,1,0,¬CR¬F,0.0,0.0,20230221,1,11,0.5
8,1,0,0,0,0,¬C¬R¬F,368.0,0.9484536082474226,20230313,1,12,0.5
10,1,2,0,1,0,¬CR¬F,0.0,0.0,20230313,1,12,0.5
11,1,3,0,1,1,¬CRF,0.0,0.0,20230313,1,12,0.5
10,1,2,0,1,0,¬CR¬F,0.0,0.0,20221122,1,8,0.5
11,1,3,0,1,1,¬CRF,0.0,0.0,20221122,1,8,0.5
12,1,4,1,0,0,C¬R¬F,23.0,0.0512249443207126,20221122,1,8,0.5
13,1,5,1,0,1,C¬RF,0.0,0.0,20221122,1,8,0.5
14,1,6,1,1,0,CR¬F,0.0,0.0,20221122,1,8,0.5
8,1,0,0,0,0,¬C¬R¬F,369.0,0.9156327543424316,20230111,1,9,0.5
9,1,1,0,0,1,¬C¬RF,0.0,0.0,20230111,1,9,0.5
9,1,1,0,0,1,¬C¬RF,0.0,0.0,20230313,1,12,0.5
11,1,3,0,1,1,¬CRF,0.0,0.0,20230111,1,9,0.5
12,1,4,1,0,0,C¬R¬F,32.0,0.0794044665012407,20230111,1,9,0.5
13,1,5,1,0,1,C¬RF,0.0,0.0,20230111,1,9,0.5
10,1,2,0,1,0,¬CR¬F,2.0,0.0049627791563275,20230111,1,9,0.5
15,1,7,1,1,1,CRF,0.0,0.0,20230111,1,9,0.5
12,1,4,1,0,0,C¬R¬F,20.0,0.0515463917525773,20230313,1,12,0.5
13,1,5,1,0,1,C¬RF,0.0,0.0,20230313,1,12,0.5
14,1,6,1,1,0,CR¬F,0.0,0.0,20230313,1,12,0.5
15,1,7,1,1,1,CRF,0.0,0.0,20221122,1,8,0.5
14,1,6,1,1,0,CR¬F,0.0,0.0,20230111,1,9,0.5
16,2,0,0,0,0,¬C¬R¬F,376.0,0.9947089947089948,20230313,1,12,1.0
18,2,2,0,1,0,¬CR¬F,0.0,0.0,20230313,1,12,1.0
19,2,3,0,1,1,¬CRF,0.0,0.0,20230313,1,12,1.0
22,2,6,1,1,0,CR¬F,0.0,0.0,20230221,1,11,1.0
21,2,5,1,0,1,C¬RF,0.0,0.0,20230221,1,11,1.0
19,2,3,0,1,1,¬CRF,0.0,0.0,20230221,1,11,1.0
18,2,2,0,1,0,¬CR¬F,0.0,0.0,20230221,1,11,1.0
23,2,7,1,1,1,CRF,1.0,0.0026455026455026,20230313,1,12,1.0
17,2,1,0,0,1,¬C¬RF,0.0,0.0,20230221,1,11,1.0
16,2,0,0,0,0,¬C¬R¬F,220.0,0.7119741100323624,20230221,1,11,1.0
20,2,4,1,0,0,C¬R¬F,1.0,0.0026455026455026,20230313,1,12,1.0
21,2,5,1,0,1,C¬RF,0.0,0.0,20230313,1,12,1.0
22,2,6,1,1,0,CR¬F,0.0,0.0,20230313,1,12,1.0
20,2,4,1,0,0,C¬R¬F,89.0,0.2880258899676375,20230221,1,11,1.0
17,2,1,0,0,1,¬C¬RF,0.0,0.0,20230313,1,12,1.0
23,2,7,1,1,1,CRF,0.0,0.0,20230221,1,11,1.0
21,2,5,1,0,1,C¬RF,0.0,0.0,20221122,1,8,1.0
17,2,1,0,0,1,¬C¬RF,0.0,0.0,20230111,1,9,1.0
18,2,2,0,1,0,¬CR¬F,1.0,0.0023529411764705,20230111,1,9,1.0
19,2,3,0,1,1,¬CRF,0.0,0.0,20230111,1,9,1.0
20,2,4,1,0,0,C¬R¬F,14.0,0.0329411764705882,20230111,1,9,1.0
21,2,5,1,0,1,C¬RF,0.0,0.0,20230111,1,9,1.0
22,2,6,1,1,0,CR¬F,0.0,0.0,20230111,1,9,1.0
23,2,7,1,1,1,CRF,0.0,0.0,20230111,1,9,1.0
23,2,7,1,1,1,CRF,0.0,0.0,20221122,1,8,1.0
22,2,6,1,1,0,CR¬F,0.0,0.0,20221122,1,8,1.0
20,2,4,1,0,0,C¬R¬F,12.0,0.028169014084507,20221122,1,8,1.0
19,2,3,0,1,1,¬CRF,0.0,0.0,20221122,1,8,1.0
18,2,2,0,1,0,¬CR¬F,0.0,0.0,20221122,1,8,1.0
17,2,1,0,0,1,¬C¬RF,0.0,0.0,20221122,1,8,1.0
16,2,0,0,0,0,¬C¬R¬F,414.0,0.971830985915493,20221122,1,8,1.0
16,2,0,0,0,0,¬C¬R¬F,410.0,0.9647058823529412,20230111,1,9,1.0
29,3,5,1,0,1,C¬RF,0.0,0.0,20221122,1,8,1.5
31,3,7,1,1,1,CRF,0.0,0.0,20221122,1,8,1.5
25,3,1,0,0,1,¬C¬RF,0.0,0.0,20230111,1,9,1.5
26,3,2,0,1,0,¬CR¬F,0.0,0.0,20230111,1,9,1.5
27,3,3,0,1,1,¬CRF,0.0,0.0,20230111,1,9,1.5
28,3,4,1,0,0,C¬R¬F,12.0,0.0276497695852534,20230111,1,9,1.5
29,3,5,1,0,1,C¬RF,0.0,0.0,20230111,1,9,1.5
30,3,6,1,1,0,CR¬F,0.0,0.0,20230111,1,9,1.5
31,3,7,1,1,1,CRF,0.0,0.0,20230111,1,9,1.5
30,3,6,1,1,0,CR¬F,0.0,0.0,20221122,1,8,1.5
24,3,0,0,0,0,¬C¬R¬F,203.0,0.5356200527704486,20230221,1,11,1.5
28,3,4,1,0,0,C¬R¬F,3.0,0.0074441687344913,20221122,1,8,1.5
27,3,3,0,1,1,¬CRF,1.0,0.0024813895781637,20221122,1,8,1.5
26,3,2,0,1,0,¬CR¬F,40.0,0.0992555831265508,20221122,1,8,1.5
25,3,1,0,0,1,¬C¬RF,2.0,0.0049627791563275,20221122,1,8,1.5
24,3,0,0,0,0,¬C¬R¬F,357.0,0.8858560794044665,20221122,1,8,1.5
29,3,5,1,0,1,C¬RF,0.0,0.0,20230313,1,12,1.5
28,3,4,1,0,0,C¬R¬F,1.0,0.0024875621890547,20230313,1,12,1.5
30,3,6,1,1,0,CR¬F,7.0,0.0184696569920844,20230221,1,11,1.5
27,3,3,0,1,1,¬CRF,6.0,0.0149253731343283,20230313,1,12,1.5
26,3,2,0,1,0,¬CR¬F,43.0,0.1069651741293532,20230313,1,12,1.5
25,3,1,0,0,1,¬C¬RF,0.0,0.0,20230313,1,12,1.5
24,3,0,0,0,0,¬C¬R¬F,352.0,0.8756218905472637,20230313,1,12,1.5
31,3,7,1,1,1,CRF,0.0,0.0,20230313,1,12,1.5
29,3,5,1,0,1,C¬RF,0.0,0.0,20230221,1,11,1.5
28,3,4,1,0,0,C¬R¬F,164.0,0.4327176781002638,20230221,1,11,1.5
27,3,3,0,1,1,¬CRF,0.0,0.0,20230221,1,11,1.5
26,3,2,0,1,0,¬CR¬F,5.0,0.0131926121372031,20230221,1,11,1.5
25,3,1,0,0,1,¬C¬RF,0.0,0.0,20230221,1,11,1.5
31,3,7,1,1,1,CRF,0.0,0.0,20230221,1,11,1.5
24,3,0,0,0,0,¬C¬R¬F,422.0,0.9723502304147466,20230111,1,9,1.5
30,3,6,1,1,0,CR¬F,0.0,0.0,20230313,1,12,1.5
38,4,6,1,1,0,CR¬F,0.0,0.0,20230111,1,9,2.0
32,4,0,0,0,0,¬C¬R¬F,409.0,0.9784688995215312,20230111,1,9,2.0
33,4,1,0,0,1,¬C¬RF,0.0,0.0,20230111,1,9,2.0
34,4,2,0,1,0,¬CR¬F,0.0,0.0,20230111,1,9,2.0
35,4,3,0,1,1,¬CRF,0.0,0.0,20230111,1,9,2.0
36,4,4,1,0,0,C¬R¬F,9.0,0.0215311004784689,20230111,1,9,2.0
37,4,5,1,0,1,C¬RF,0.0,0.0,20230111,1,9,2.0
39,4,7,1,1,1,CRF,0.0,0.0,20230111,1,9,2.0
9,1,1,0,0,1,¬C¬RF,0.0,0.0,20221031,1,6,2.0
9,1,1,0,0,1,¬C¬RF,0.0,0.0,20221013,1,5,2.0
38,4,6,1,1,0,CR¬F,0.0,0.0,20221122,1,8,2.0
10,1,2,0,1,0,¬CR¬F,362.0,0.914141414141414,20221031,1,6,2.0
11,1,3,0,1,1,¬CRF,1.0,0.0025252525252525,20221031,1,6,2.0
12,1,4,1,0,0,C¬R¬F,0.0,0.0,20221031,1,6,2.0
13,1,5,1,0,1,C¬RF,0.0,0.0,20221031,1,6,2.0
14,1,6,1,1,0,CR¬F,28.0,0.0707070707070707,20221031,1,6,2.0
15,1,7,1,1,1,CRF,1.0,0.0025252525252525,20221031,1,6,2.0
9,1,1,0,0,1,¬C¬RF,3.0,0.0084985835694051,20221031,2,7,2.0
10,1,2,0,1,0,¬CR¬F,268.0,0.7592067988668555,20221031,2,7,2.0
11,1,3,0,1,1,¬CRF,67.0,0.1898016997167138,20221031,2,7,2.0
12,1,4,1,0,0,C¬R¬F,1.0,0.0028328611898017,20221031,2,7,2.0
13,1,5,1,0,1,C¬RF,1.0,0.0028328611898017,20221031,2,7,2.0
14,1,6,1,1,0,CR¬F,1.0,0.0028328611898017,20221031,2,7,2.0
39,4,7,1,1,1,CRF,0.0,0.0,20221122,1,8,2.0
15,1,7,1,1,1,CRF,1.0,0.0028328611898017,20221031,2,7,2.0
13,1,5,1,0,1,C¬RF,0.0,0.0,20221013,1,5,2.0
12,1,4,1,0,0,C¬R¬F,2.0,0.0050377833753148,20221013,1,5,2.0
11,1,3,0,1,1,¬CRF,1.0,0.0025188916876574,20221013,1,5,2.0
10,1,2,0,1,0,¬CR¬F,23.0,0.0579345088161209,20221013,1,5,2.0
8,1,0,0,0,0,¬C¬R¬F,4.0,0.0101010101010101,20221031,1,6,2.0
8,1,0,0,0,0,¬C¬R¬F,371.0,0.9345088161209067,20221013,1,5,2.0
32,4,0,0,0,0,¬C¬R¬F,26.0,0.0698924731182795,20221122,1,8,2.0
33,4,1,0,0,1,¬C¬RF,3.0,0.0080645161290322,20221122,1,8,2.0
34,4,2,0,1,0,¬CR¬F,316.0,0.8494623655913979,20221122,1,8,2.0
35,4,3,0,1,1,¬CRF,27.0,0.0725806451612903,20221122,1,8,2.0
36,4,4,1,0,0,C¬R¬F,0.0,0.0,20221122,1,8,2.0
37,4,5,1,0,1,C¬RF,0.0,0.0,20221122,1,8,2.0
15,1,7,1,1,1,CRF,0.0,0.0,20221013,1,5,2.0
8,1,0,0,0,0,¬C¬R¬F,11.0,0.0311614730878186,20221031,2,7,2.0
14,1,6,1,1,0,CR¬F,0.0,0.0,20221013,1,5,2.0
11,1,3,0,1,1,¬CRF,0.0,0.0,20220524,1,0,2.0
34,4,2,0,1,0,¬CR¬F,1.0,0.0023640661938534,20220602,1,1,2.0
39,4,7,1,1,1,CRF,3.0,0.007125890736342,20230313,1,12,2.0
38,4,6,1,1,0,CR¬F,0.0,0.0,20230313,1,12,2.0
12,1,4,1,0,0,C¬R¬F,62.0,0.1458823529411764,20220524,1,0,2.0
32,4,0,0,0,0,¬C¬R¬F,415.0,0.9810874704491724,20220602,1,1,2.0
37,4,5,1,0,1,C¬RF,0.0,0.0,20230313,1,12,2.0
36,4,4,1,0,0,C¬R¬F,2.0,0.004750593824228,20230313,1,12,2.0
35,4,3,0,1,1,¬CRF,61.0,0.1448931116389548,20230313,1,12,2.0
8,1,0,0,0,0,¬C¬R¬F,259.0,0.5642701525054467,20220628,1,2,2.0
10,1,2,0,1,0,¬CR¬F,0.0,0.0,20220524,1,0,2.0
9,1,1,0,0,1,¬C¬RF,0.0,0.0,20220628,1,2,2.0
11,1,3,0,1,1,¬CRF,0.0,0.0,20220628,1,2,2.0
12,1,4,1,0,0,C¬R¬F,200.0,0.4357298474945534,20220628,1,2,2.0
13,1,5,1,0,1,C¬RF,0.0,0.0,20220628,1,2,2.0
14,1,6,1,1,0,CR¬F,0.0,0.0,20220628,1,2,2.0
15,1,7,1,1,1,CRF,0.0,0.0,20220628,1,2,2.0
34,4,2,0,1,0,¬CR¬F,283.0,0.672209026128266,20230313,1,12,2.0
33,4,1,0,0,1,¬C¬RF,2.0,0.004750593824228,20230313,1,12,2.0
32,4,0,0,0,0,¬C¬R¬F,70.0,0.166270783847981,20230313,1,12,2.0
33,4,1,0,0,1,¬C¬RF,0.0,0.0,20220602,1,1,2.0
10,1,2,0,1,0,¬CR¬F,0.0,0.0,20220628,1,2,2.0
9,1,1,0,0,1,¬C¬RF,0.0,0.0,20220524,1,0,2.0
35,4,3,0,1,1,¬CRF,0.0,0.0,20220602,1,1,2.0
39,4,7,1,1,1,CRF,0.0,0.0,20230221,1,11,2.0
8,1,0,0,0,0,¬C¬R¬F,363.0,0.8541176470588235,20220524,1,0,2.0
36,4,4,1,0,0,C¬R¬F,6.0,0.0141843971631205,20220602,1,1,2.0
32,4,0,0,0,0,¬C¬R¬F,311.0,0.8382749326145552,20230221,1,11,2.0
33,4,1,0,0,1,¬C¬RF,0.0,0.0,20230221,1,11,2.0
34,4,2,0,1,0,¬CR¬F,11.0,0.0296495956873315,20230221,1,11,2.0
35,4,3,0,1,1,¬CRF,0.0,0.0,20230221,1,11,2.0
36,4,4,1,0,0,C¬R¬F,46.0,0.1239892183288409,20230221,1,11,2.0
37,4,5,1,0,1,C¬RF,0.0,0.0,20220602,1,1,2.0
38,4,6,1,1,0,CR¬F,1.0,0.0023640661938534,20220602,1,1,2.0
39,4,7,1,1,1,CRF,0.0,0.0,20220602,1,1,2.0
13,1,5,1,0,1,C¬RF,0.0,0.0,20220524,1,0,2.0
14,1,6,1,1,0,CR¬F,0.0,0.0,20220524,1,0,2.0
15,1,7,1,1,1,CRF,0.0,0.0,20220524,1,0,2.0
37,4,5,1,0,1,C¬RF,1.0,0.0026954177897574,20230221,1,11,2.0
38,4,6,1,1,0,CR¬F,2.0,0.0053908355795148,20230221,1,11,2.0
45,5,5,1,0,1,C¬RF,0.0,0.0,20230111,1,9,2.5
46,5,6,1,1,0,CR¬F,0.0,0.0,20230111,1,9,2.5
46,5,6,1,1,0,CR¬F,1.0,0.0051546391752577,20230313,1,12,2.5
42,5,2,0,1,0,¬CR¬F,0.0,0.0,20230111,1,9,2.5
40,5,0,0,0,0,¬C¬R¬F,420.0,0.9836065573770492,20230111,1,9,2.5
47,5,7,1,1,1,CRF,3.0,0.0154639175257731,20230313,1,12,2.5
40,5,0,0,0,0,¬C¬R¬F,3.0,0.0154639175257731,20230313,1,12,2.5
41,5,1,0,0,1,¬C¬RF,1.0,0.0051546391752577,20230313,1,12,2.5
42,5,2,0,1,0,¬CR¬F,108.0,0.5567010309278351,20230313,1,12,2.5
43,5,3,0,1,1,¬CRF,77.0,0.3969072164948453,20230313,1,12,2.5
44,5,4,1,0,0,C¬R¬F,0.0,0.0,20230313,1,12,2.5
45,5,5,1,0,1,C¬RF,1.0,0.0051546391752577,20230313,1,12,2.5
47,5,7,1,1,1,CRF,0.0,0.0,20230111,1,9,2.5
41,5,1,0,0,1,¬C¬RF,0.0,0.0,20230111,1,9,2.5
43,5,3,0,1,1,¬CRF,0.0,0.0,20230111,1,9,2.5
44,5,4,1,0,0,C¬R¬F,7.0,0.0163934426229508,20230111,1,9,2.5
41,5,1,0,0,1,¬C¬RF,1.0,0.0026595744680851,20230221,1,11,2.5
42,5,2,0,1,0,¬CR¬F,155.0,0.4122340425531915,20230221,1,11,2.5
43,5,3,0,1,1,¬CRF,4.0,0.0106382978723404,20230221,1,11,2.5
44,5,4,1,0,0,C¬R¬F,8.0,0.0212765957446808,20230221,1,11,2.5
45,5,5,1,0,1,C¬RF,3.0,0.0079787234042553,20230221,1,11,2.5
40,5,0,0,0,0,¬C¬R¬F,169.0,0.449468085106383,20230221,1,11,2.5
47,5,7,1,1,1,CRF,8.0,0.0212765957446808,20230221,1,11,2.5
46,5,6,1,1,0,CR¬F,28.0,0.0744680851063829,20230221,1,11,2.5
21,2,5,1,0,1,C¬RF,0.0,0.0,20221031,1,6,3.0
22,2,6,1,1,0,CR¬F,7.0,0.0564516129032258,20221031,1,6,3.0
23,2,7,1,1,1,CRF,0.0,0.0,20221031,1,6,3.0
2,0,2,0,1,0,¬CR¬F,186.0,0.4592592592592592,20230313,2,13,3.0
1,0,1,0,0,1,¬C¬RF,7.0,0.0172839506172839,20230313,2,13,3.0
0,0,0,0,0,0,¬C¬R¬F,0.0,0.0,20230313,2,13,3.0
17,2,1,0,0,1,¬C¬RF,16.0,0.2962962962962963,20221031,2,7,3.0
18,2,2,0,1,0,¬CR¬F,6.0,0.1111111111111111,20221031,2,7,3.0
19,2,3,0,1,1,¬CRF,25.0,0.4629629629629629,20221031,2,7,3.0
20,2,4,1,0,0,C¬R¬F,0.0,0.0,20221031,2,7,3.0
2,0,2,0,1,0,¬CR¬F,113.0,0.2684085510688836,20230111,2,10,3.0
1,0,1,0,0,1,¬C¬RF,2.0,0.004750593824228,20230111,2,10,3.0
0,0,0,0,0,0,¬C¬R¬F,283.0,0.672209026128266,20230111,2,10,3.0
21,2,5,1,0,1,C¬RF,4.0,0.074074074074074,20221031,2,7,3.0
22,2,6,1,1,0,CR¬F,0.0,0.0,20221031,2,7,3.0
23,2,7,1,1,1,CRF,3.0,0.0555555555555555,20221031,2,7,3.0
20,2,4,1,0,0,C¬R¬F,0.0,0.0,20221031,1,6,3.0
19,2,3,0,1,1,¬CRF,2.0,0.0161290322580645,20221031,1,6,3.0
3,0,3,0,1,1,¬CRF,20.0,0.0475059382422802,20230111,2,10,3.0
17,2,1,0,0,1,¬C¬RF,0.0,0.0,20221031,1,6,3.0
5,0,5,1,0,1,C¬RF,0.0,0.0,20230313,2,13,3.0
6,0,6,1,1,0,CR¬F,0.0,0.0,20230313,2,13,3.0
7,0,7,1,1,1,CRF,2.0,0.0049382716049382,20230313,2,13,3.0
23,2,7,1,1,1,CRF,0.0,0.0,20221013,1,5,3.0
22,2,6,1,1,0,CR¬F,0.0,0.0,20221013,1,5,3.0
21,2,5,1,0,1,C¬RF,0.0,0.0,20221013,1,5,3.0
20,2,4,1,0,0,C¬R¬F,0.0,0.0,20221013,1,5,3.0
19,2,3,0,1,1,¬CRF,135.0,0.6818181818181818,20221013,1,5,3.0
18,2,2,0,1,0,¬CR¬F,112.0,0.9032258064516128,20221031,1,6,3.0
18,2,2,0,1,0,¬CR¬F,37.0,0.1868686868686868,20221013,1,5,3.0
16,2,0,0,0,0,¬C¬R¬F,3.0,0.0151515151515151,20221013,1,5,3.0
16,2,0,0,0,0,¬C¬R¬F,0.0,0.0,20221031,2,7,3.0
7,0,7,1,1,1,CRF,1.0,0.002375296912114,20230111,2,10,3.0
6,0,6,1,1,0,CR¬F,1.0,0.002375296912114,20230111,2,10,3.0
5,0,5,1,0,1,C¬RF,0.0,0.0,20230111,2,10,3.0
4,0,4,1,0,0,C¬R¬F,1.0,0.002375296912114,20230111,2,10,3.0
3,0,3,0,1,1,¬CRF,210.0,0.5185185185185185,20230313,2,13,3.0
16,2,0,0,0,0,¬C¬R¬F,3.0,0.0241935483870967,20221031,1,6,3.0
17,2,1,0,0,1,¬C¬RF,23.0,0.1161616161616161,20221013,1,5,3.0
4,0,4,1,0,0,C¬R¬F,0.0,0.0,20230313,2,13,3.0
9,1,1,0,0,1,¬C¬RF,1.0,0.0031545741324921,20230111,2,10,3.5
14,1,6,1,1,0,CR¬F,0.0,0.0,20230313,2,13,3.5
15,1,7,1,1,1,CRF,3.0,0.0090634441087613,20230313,2,13,3.5
13,1,5,1,0,1,C¬RF,1.0,0.0030211480362537,20230313,2,13,3.5
12,1,4,1,0,0,C¬R¬F,1.0,0.0030211480362537,20230313,2,13,3.5
11,1,3,0,1,1,¬CRF,237.0,0.716012084592145,20230313,2,13,3.5
10,1,2,0,1,0,¬CR¬F,67.0,0.202416918429003,20230313,2,13,3.5
9,1,1,0,0,1,¬C¬RF,21.0,0.0634441087613293,20230313,2,13,3.5
8,1,0,0,0,0,¬C¬R¬F,1.0,0.0030211480362537,20230313,2,13,3.5
15,1,7,1,1,1,CRF,5.0,0.0157728706624605,20230111,2,10,3.5
13,1,5,1,0,1,C¬RF,0.0,0.0,20230111,2,10,3.5
12,1,4,1,0,0,C¬R¬F,2.0,0.0063091482649842,20230111,2,10,3.5
14,1,6,1,1,0,CR¬F,0.0,0.0,20230111,2,10,3.5
11,1,3,0,1,1,¬CRF,47.0,0.1482649842271293,20230111,2,10,3.5
10,1,2,0,1,0,¬CR¬F,214.0,0.6750788643533123,20230111,2,10,3.5
8,1,0,0,0,0,¬C¬R¬F,48.0,0.1514195583596214,20230111,2,10,3.5
23,2,7,1,1,1,CRF,5.0,0.01187648456057,20220524,1,0,4.0
40,5,0,0,0,0,¬C¬R¬F,0.0,0.0,20221122,1,8,4.0
22,2,6,1,1,0,CR¬F,0.0,0.0,20220524,1,0,4.0
46,5,6,1,1,0,CR¬F,0.0,0.0,20221122,1,8,4.0
21,2,5,1,0,1,C¬RF,0.0,0.0,20220524,1,0,4.0
47,5,7,1,1,1,CRF,0.0,0.0,20221122,1,8,4.0
44,5,4,1,0,0,C¬R¬F,0.0,0.0,20221122,1,8,4.0
22,2,6,1,1,0,CR¬F,0.0,0.0,20230313,2,13,4.0
43,5,3,0,1,1,¬CRF,3.0,0.4285714285714285,20221122,1,8,4.0
42,5,2,0,1,0,¬CR¬F,4.0,0.5714285714285714,20221122,1,8,4.0
41,5,1,0,0,1,¬C¬RF,0.0,0.0,20221122,1,8,4.0
45,5,5,1,0,1,C¬RF,0.0,0.0,20221122,1,8,4.0
21,2,5,1,0,1,C¬RF,2.0,0.0092165898617511,20230313,2,13,4.0
27,3,3,0,1,1,¬CRF,2.0,0.0051282051282051,20220602,1,1,4.0
19,2,3,0,1,1,¬CRF,135.0,0.6221198156682027,20230313,2,13,4.0
18,2,2,0,1,0,¬CR¬F,21.0,0.0967741935483871,20230313,2,13,4.0
17,2,1,0,0,1,¬C¬RF,57.0,0.2626728110599078,20230313,2,13,4.0
16,2,0,0,0,0,¬C¬R¬F,1.0,0.0046082949308755,20230313,2,13,4.0
26,3,2,0,1,0,¬CR¬F,85.0,0.2179487179487179,20220602,1,1,4.0
31,3,7,1,1,1,CRF,0.0,0.0,20220602,1,1,4.0
30,3,6,1,1,0,CR¬F,1.0,0.0025641025641025,20220602,1,1,4.0
29,3,5,1,0,1,C¬RF,0.0,0.0,20220602,1,1,4.0
28,3,4,1,0,0,C¬R¬F,8.0,0.0205128205128205,20220602,1,1,4.0
20,2,4,1,0,0,C¬R¬F,4.0,0.009501187648456,20220524,1,0,4.0
24,3,0,0,0,0,¬C¬R¬F,292.0,0.7487179487179487,20220602,1,1,4.0
25,3,1,0,0,1,¬C¬RF,2.0,0.0051282051282051,20220602,1,1,4.0
20,2,4,1,0,0,C¬R¬F,0.0,0.0,20230313,2,13,4.0
19,2,3,0,1,1,¬CRF,21.0,0.0498812351543943,20220524,1,0,4.0
30,3,6,1,1,0,CR¬F,0.0,0.0,20221031,2,7,4.0
17,2,1,0,0,1,¬C¬RF,3.0,0.007125890736342,20220524,1,0,4.0
24,3,0,0,0,0,¬C¬R¬F,0.0,0.0,20221031,1,6,4.0
16,2,0,0,0,0,¬C¬R¬F,1.0,0.002680965147453,20230111,2,10,4.0
17,2,1,0,0,1,¬C¬RF,17.0,0.0455764075067024,20230111,2,10,4.0
18,2,2,0,1,0,¬CR¬F,140.0,0.3753351206434316,20230111,2,10,4.0
19,2,3,0,1,1,¬CRF,207.0,0.5549597855227882,20230111,2,10,4.0
20,2,4,1,0,0,C¬R¬F,0.0,0.0,20230111,2,10,4.0
31,3,7,1,1,1,CRF,0.0,0.0,20221013,1,5,4.0
30,3,6,1,1,0,CR¬F,0.0,0.0,20221013,1,5,4.0
29,3,5,1,0,1,C¬RF,0.0,0.0,20221013,1,5,4.0
28,3,4,1,0,0,C¬R¬F,0.0,0.0,20221013,1,5,4.0
27,3,3,0,1,1,¬CRF,4.0,0.4,20221013,1,5,4.0
26,3,2,0,1,0,¬CR¬F,5.0,0.5,20221013,1,5,4.0
25,3,1,0,0,1,¬C¬RF,1.0,0.1,20221013,1,5,4.0
24,3,0,0,0,0,¬C¬R¬F,0.0,0.0,20221013,1,5,4.0
21,2,5,1,0,1,C¬RF,2.0,0.0053619302949061,20230111,2,10,4.0
8,1,0,0,0,0,¬C¬R¬F,1.0,0.0769230769230769,20221012,1,4,4.0
9,1,1,0,0,1,¬C¬RF,3.0,0.2307692307692307,20221012,1,4,4.0
10,1,2,0,1,0,¬CR¬F,4.0,0.3076923076923077,20221012,1,4,4.0
11,1,3,0,1,1,¬CRF,5.0,0.3846153846153846,20221012,1,4,4.0
12,1,4,1,0,0,C¬R¬F,0.0,0.0,20221012,1,4,4.0
13,1,5,1,0,1,C¬RF,0.0,0.0,20221012,1,4,4.0
14,1,6,1,1,0,CR¬F,0.0,0.0,20221012,1,4,4.0
15,1,7,1,1,1,CRF,0.0,0.0,20221012,1,4,4.0
22,2,6,1,1,0,CR¬F,2.0,0.0053619302949061,20230111,2,10,4.0
23,2,7,1,1,1,CRF,4.0,0.0107238605898123,20230111,2,10,4.0
18,2,2,0,1,0,¬CR¬F,99.0,0.2351543942992874,20220524,1,0,4.0
26,3,2,0,1,0,¬CR¬F,6.0,0.6666666666666666,20221031,1,6,4.0
25,3,1,0,0,1,¬C¬RF,0.0,0.0,20221031,1,6,4.0
28,3,4,1,0,0,C¬R¬F,0.0,0.0,20221031,1,6,4.0
16,2,0,0,0,0,¬C¬R¬F,289.0,0.6864608076009501,20220524,1,0,4.0
31,3,7,1,1,1,CRF,0.0,0.0,20221031,2,7,4.0
29,3,5,1,0,1,C¬RF,0.0,0.0,20221031,2,7,4.0
28,3,4,1,0,0,C¬R¬F,0.0,0.0,20221031,2,7,4.0
27,3,3,0,1,1,¬CRF,3.0,0.3333333333333333,20221031,1,6,4.0
26,3,2,0,1,0,¬CR¬F,2.0,0.4,20221031,2,7,4.0
25,3,1,0,0,1,¬C¬RF,3.0,0.6,20221031,2,7,4.0
24,3,0,0,0,0,¬C¬R¬F,0.0,0.0,20221031,2,7,4.0
16,2,0,0,0,0,¬C¬R¬F,391.0,0.9093023255813952,20220628,1,2,4.0
17,2,1,0,0,1,¬C¬RF,0.0,0.0,20220628,1,2,4.0
27,3,3,0,1,1,¬CRF,0.0,0.0,20221031,2,7,4.0
19,2,3,0,1,1,¬CRF,0.0,0.0,20220628,1,2,4.0
20,2,4,1,0,0,C¬R¬F,28.0,0.0651162790697674,20220628,1,2,4.0
21,2,5,1,0,1,C¬RF,0.0,0.0,20220628,1,2,4.0
22,2,6,1,1,0,CR¬F,2.0,0.0046511627906976,20220628,1,2,4.0
23,2,7,1,1,1,CRF,0.0,0.0,20220628,1,2,4.0
29,3,5,1,0,1,C¬RF,0.0,0.0,20221031,1,6,4.0
18,2,2,0,1,0,¬CR¬F,9.0,0.0209302325581395,20220628,1,2,4.0
23,2,7,1,1,1,CRF,1.0,0.0046082949308755,20230313,2,13,4.0
31,3,7,1,1,1,CRF,0.0,0.0,20221031,1,6,4.0
30,3,6,1,1,0,CR¬F,0.0,0.0,20221031,1,6,4.0
27,3,3,0,1,1,¬CRF,340.0,0.815347721822542,20230111,2,10,4.5
26,3,2,0,1,0,¬CR¬F,32.0,0.0767386091127098,20230111,2,10,4.5
25,3,1,0,0,1,¬C¬RF,27.0,0.0647482014388489,20230111,2,10,4.5
24,3,0,0,0,0,¬C¬R¬F,0.0,0.0,20230111,2,10,4.5
31,3,7,1,1,1,CRF,3.0,0.0171428571428571,20230313,2,13,4.5
29,3,5,1,0,1,C¬RF,2.0,0.0114285714285714,20230313,2,13,4.5
28,3,4,1,0,0,C¬R¬F,0.0,0.0,20230313,2,13,4.5
27,3,3,0,1,1,¬CRF,106.0,0.6057142857142858,20230313,2,13,4.5
26,3,2,0,1,0,¬CR¬F,9.0,0.0514285714285714,20230313,2,13,4.5
30,3,6,1,1,0,CR¬F,0.0,0.0,20230313,2,13,4.5
25,3,1,0,0,1,¬C¬RF,55.0,0.3142857142857143,20230313,2,13,4.5
29,3,5,1,0,1,C¬RF,3.0,0.0071942446043165,20230111,2,10,4.5
30,3,6,1,1,0,CR¬F,0.0,0.0,20230111,2,10,4.5
28,3,4,1,0,0,C¬R¬F,1.0,0.0023980815347721,20230111,2,10,4.5
24,3,0,0,0,0,¬C¬R¬F,0.0,0.0,20230313,2,13,4.5
31,3,7,1,1,1,CRF,14.0,0.0335731414868105,20230111,2,10,4.5
20,2,4,1,0,0,C¬R¬F,0.0,0.0,20221012,1,4,5.0
38,4,6,1,1,0,CR¬F,,,20221031,1,6,5.0
37,4,5,1,0,1,C¬RF,,,20221031,1,6,5.0
36,4,4,1,0,0,C¬R¬F,,,20221031,1,6,5.0
35,4,3,0,1,1,¬CRF,,,20221031,1,6,5.0
34,4,2,0,1,0,¬CR¬F,,,20221031,1,6,5.0
33,4,1,0,0,1,¬C¬RF,,,20221031,1,6,5.0
32,4,0,0,0,0,¬C¬R¬F,,,20221031,1,6,5.0
24,3,0,0,0,0,¬C¬R¬F,386.0,0.8914549653579676,20220628,1,2,5.0
25,3,1,0,0,1,¬C¬RF,0.0,0.0,20220628,1,2,5.0
26,3,2,0,1,0,¬CR¬F,9.0,0.0207852193995381,20220628,1,2,5.0
27,3,3,0,1,1,¬CRF,0.0,0.0,20220628,1,2,5.0
28,3,4,1,0,0,C¬R¬F,38.0,0.0877598152424942,20220628,1,2,5.0
29,3,5,1,0,1,C¬RF,0.0,0.0,20220628,1,2,5.0
30,3,6,1,1,0,CR¬F,0.0,0.0,20220628,1,2,5.0
31,3,7,1,1,1,CRF,0.0,0.0,20220628,1,2,5.0
39,4,7,1,1,1,CRF,,,20221031,1,6,5.0
38,4,6,1,1,0,CR¬F,0.0,0.0,20221013,1,5,5.0
37,4,5,1,0,1,C¬RF,0.0,0.0,20221013,1,5,5.0
36,4,4,1,0,0,C¬R¬F,0.0,0.0,20221013,1,5,5.0
35,4,3,0,1,1,¬CRF,71.0,0.6068376068376068,20221013,1,5,5.0
34,4,2,0,1,0,¬CR¬F,13.0,0.1111111111111111,20221013,1,5,5.0
33,4,1,0,0,1,¬C¬RF,31.0,0.2649572649572649,20221013,1,5,5.0
32,4,0,0,0,0,¬C¬R¬F,1.0,0.0085470085470085,20221013,1,5,5.0
16,2,0,0,0,0,¬C¬R¬F,1.0,0.1111111111111111,20221012,1,4,5.0
17,2,1,0,0,1,¬C¬RF,0.0,0.0,20221012,1,4,5.0
18,2,2,0,1,0,¬CR¬F,7.0,0.7777777777777778,20221012,1,4,5.0
19,2,3,0,1,1,¬CRF,1.0,0.1111111111111111,20221012,1,4,5.0
21,2,5,1,0,1,C¬RF,0.0,0.0,20221012,1,4,5.0
39,4,7,1,1,1,CRF,1.0,0.0085470085470085,20221013,1,5,5.0
22,2,6,1,1,0,CR¬F,0.0,0.0,20221012,1,4,5.0
37,4,5,1,0,1,C¬RF,0.0,0.0,20221031,2,7,5.0
37,4,5,1,0,1,C¬RF,1.0,0.0147058823529411,20230313,2,13,5.0
36,4,4,1,0,0,C¬R¬F,0.0,0.0,20230313,2,13,5.0
35,4,3,0,1,1,¬CRF,41.0,0.6029411764705882,20230313,2,13,5.0
34,4,2,0,1,0,¬CR¬F,10.0,0.1470588235294117,20230313,2,13,5.0
33,4,1,0,0,1,¬C¬RF,16.0,0.2352941176470588,20230313,2,13,5.0
32,4,0,0,0,0,¬C¬R¬F,0.0,0.0,20230313,2,13,5.0
35,4,3,0,1,1,¬CRF,382.0,0.8642533936651584,20230111,2,10,5.0
36,4,4,1,0,0,C¬R¬F,1.0,0.002262443438914,20230111,2,10,5.0
37,4,5,1,0,1,C¬RF,7.0,0.0158371040723981,20230111,2,10,5.0
39,4,7,1,1,1,CRF,0.0,0.0,20221031,2,7,5.0
38,4,6,1,1,0,CR¬F,0.0,0.0,20221031,2,7,5.0
39,4,7,1,1,1,CRF,0.0,0.0,20230313,2,13,5.0
36,4,4,1,0,0,C¬R¬F,0.0,0.0,20221031,2,7,5.0
35,4,3,0,1,1,¬CRF,1.0,0.3333333333333333,20221031,2,7,5.0
34,4,2,0,1,0,¬CR¬F,2.0,0.6666666666666666,20221031,2,7,5.0
33,4,1,0,0,1,¬C¬RF,0.0,0.0,20221031,2,7,5.0
32,4,0,0,0,0,¬C¬R¬F,0.0,0.0,20221031,2,7,5.0
23,2,7,1,1,1,CRF,0.0,0.0,20221012,1,4,5.0
38,4,6,1,1,0,CR¬F,1.0,0.002262443438914,20230111,2,10,5.0
39,4,7,1,1,1,CRF,18.0,0.0407239819004524,20230111,2,10,5.0
34,4,2,0,1,0,¬CR¬F,17.0,0.0384615384615384,20230111,2,10,5.0
33,4,1,0,0,1,¬C¬RF,16.0,0.0361990950226244,20230111,2,10,5.0
32,4,0,0,0,0,¬C¬R¬F,0.0,0.0,20230111,2,10,5.0
38,4,6,1,1,0,CR¬F,0.0,0.0,20230313,2,13,5.0
42,5,2,0,1,0,¬CR¬F,29.0,0.0973154362416107,20230111,2,10,6.0
43,5,3,0,1,1,¬CRF,1.0,0.1666666666666666,20230313,2,13,6.0
41,5,1,0,0,1,¬C¬RF,0.0,0.0,20230313,2,13,6.0
42,5,2,0,1,0,¬CR¬F,3.0,0.5,20230313,2,13,6.0
47,5,7,1,1,1,CRF,10.0,0.0335570469798657,20230111,2,10,6.0
46,5,6,1,1,0,CR¬F,3.0,0.0100671140939597,20230111,2,10,6.0
41,5,1,0,0,1,¬C¬RF,33.0,0.110738255033557,20230111,2,10,6.0
44,5,4,1,0,0,C¬R¬F,0.0,0.0,20230313,2,13,6.0
45,5,5,1,0,1,C¬RF,1.0,0.1666666666666666,20230313,2,13,6.0
45,5,5,1,0,1,C¬RF,3.0,0.0100671140939597,20230111,2,10,6.0
44,5,4,1,0,0,C¬R¬F,0.0,0.0,20230111,2,10,6.0
40,5,0,0,0,0,¬C¬R¬F,1.0,0.0033557046979865,20230111,2,10,6.0
40,5,0,0,0,0,¬C¬R¬F,0.0,0.0,20230313,2,13,6.0
43,5,3,0,1,1,¬CRF,219.0,0.7348993288590604,20230111,2,10,6.0
47,5,7,1,1,1,CRF,,,20221031,1,6,6.0
46,5,6,1,1,0,CR¬F,0.0,0.0,20221031,2,7,6.0
29,3,5,1,0,1,C¬RF,,,20221012,1,4,6.0
28,3,4,1,0,0,C¬R¬F,,,20221012,1,4,6.0
27,3,3,0,1,1,¬CRF,,,20221012,1,4,6.0
26,3,2,0,1,0,¬CR¬F,,,20221012,1,4,6.0
25,3,1,0,0,1,¬C¬RF,,,20221012,1,4,6.0
24,3,0,0,0,0,¬C¬R¬F,,,20221012,1,4,6.0
47,5,7,1,1,1,CRF,0.0,0.0,20221031,2,7,6.0
39,4,7,1,1,1,CRF,0.0,0.0,20220628,1,2,6.0
38,4,6,1,1,0,CR¬F,1.0,0.0023696682464454,20220628,1,2,6.0
37,4,5,1,0,1,C¬RF,0.0,0.0,20220628,1,2,6.0
36,4,4,1,0,0,C¬R¬F,1.0,0.0023696682464454,20220628,1,2,6.0
35,4,3,0,1,1,¬CRF,1.0,0.0023696682464454,20220628,1,2,6.0
34,4,2,0,1,0,¬CR¬F,44.0,0.1042654028436018,20220628,1,2,6.0
33,4,1,0,0,1,¬C¬RF,1.0,0.0023696682464454,20220628,1,2,6.0
32,4,0,0,0,0,¬C¬R¬F,374.0,0.8862559241706162,20220628,1,2,6.0
23,2,7,1,1,1,CRF,0.0,0.0,20220602,1,1,6.0
22,2,6,1,1,0,CR¬F,0.0,0.0,20220602,1,1,6.0
21,2,5,1,0,1,C¬RF,0.0,0.0,20220602,1,1,6.0
20,2,4,1,0,0,C¬R¬F,0.0,0.0,20220602,1,1,6.0
19,2,3,0,1,1,¬CRF,3.0,0.1153846153846153,20220602,1,1,6.0
18,2,2,0,1,0,¬CR¬F,19.0,0.7307692307692307,20220602,1,1,6.0
17,2,1,0,0,1,¬C¬RF,2.0,0.0769230769230769,20220602,1,1,6.0
16,2,0,0,0,0,¬C¬R¬F,2.0,0.0769230769230769,20220602,1,1,6.0
30,3,6,1,1,0,CR¬F,,,20221012,1,4,6.0
31,3,7,1,1,1,CRF,,,20221012,1,4,6.0
47,5,7,1,1,1,CRF,0.0,0.0,20230313,2,13,6.0
45,5,5,1,0,1,C¬RF,0.0,0.0,20221031,2,7,6.0
43,5,3,0,1,1,¬CRF,,,20221031,1,6,6.0
46,5,6,1,1,0,CR¬F,,,20221013,1,5,6.0
47,5,7,1,1,1,CRF,,,20221013,1,5,6.0
40,5,0,0,0,0,¬C¬R¬F,,,20221031,1,6,6.0
41,5,1,0,0,1,¬C¬RF,,,20221031,1,6,6.0
44,5,4,1,0,0,C¬R¬F,0.0,0.0,20221031,2,7,6.0
44,5,4,1,0,0,C¬R¬F,,,20221013,1,5,6.0
43,5,3,0,1,1,¬CRF,1.0,0.25,20221031,2,7,6.0
41,5,1,0,0,1,¬C¬RF,0.0,0.0,20221031,2,7,6.0
40,5,0,0,0,0,¬C¬R¬F,0.0,0.0,20221031,2,7,6.0
46,5,6,1,1,0,CR¬F,1.0,0.1666666666666666,20230313,2,13,6.0
46,5,6,1,1,0,CR¬F,,,20221031,1,6,6.0
45,5,5,1,0,1,C¬RF,,,20221031,1,6,6.0
44,5,4,1,0,0,C¬R¬F,,,20221031,1,6,6.0
42,5,2,0,1,0,¬CR¬F,3.0,0.75,20221031,2,7,6.0
43,5,3,0,1,1,¬CRF,,,20221013,1,5,6.0
42,5,2,0,1,0,¬CR¬F,,,20221031,1,6,6.0
41,5,1,0,0,1,¬C¬RF,,,20221013,1,5,6.0
40,5,0,0,0,0,¬C¬R¬F,,,20221013,1,5,6.0
45,5,5,1,0,1,C¬RF,,,20221013,1,5,6.0
42,5,2,0,1,0,¬CR¬F,,,20221013,1,5,6.0
39,4,7,1,1,1,CRF,,,20221012,1,4,7.0
38,4,6,1,1,0,CR¬F,,,20221012,1,4,7.0
37,4,5,1,0,1,C¬RF,,,20221012,1,4,7.0
36,4,4,1,0,0,C¬R¬F,,,20221012,1,4,7.0
35,4,3,0,1,1,¬CRF,,,20221012,1,4,7.0
34,4,2,0,1,0,¬CR¬F,,,20221012,1,4,7.0
33,4,1,0,0,1,¬C¬RF,,,20221012,1,4,7.0
32,4,0,0,0,0,¬C¬R¬F,,,20221012,1,4,7.0
47,5,7,1,1,1,CRF,0.0,0.0,20220628,1,2,7.0
40,5,0,0,0,0,¬C¬R¬F,250.0,0.7598784194528876,20220628,1,2,7.0
41,5,1,0,0,1,¬C¬RF,0.0,0.0,20220628,1,2,7.0
42,5,2,0,1,0,¬CR¬F,69.0,0.2097264437689969,20220628,1,2,7.0
43,5,3,0,1,1,¬CRF,8.0,0.0243161094224924,20220628,1,2,7.0
44,5,4,1,0,0,C¬R¬F,2.0,0.0060790273556231,20220628,1,2,7.0
45,5,5,1,0,1,C¬RF,0.0,0.0,20220628,1,2,7.0
46,5,6,1,1,0,CR¬F,0.0,0.0,20220628,1,2,7.0
44,5,4,1,0,0,C¬R¬F,,,20221012,1,4,8.0
2,0,2,0,1,0,¬CR¬F,179.0,0.4972222222222222,20220628,2,3,8.0
3,0,3,0,1,1,¬CRF,8.0,0.0222222222222222,20220628,2,3,8.0
0,0,0,0,0,0,¬C¬R¬F,172.0,0.4777777777777778,20220628,2,3,8.0
43,5,3,0,1,1,¬CRF,,,20221012,1,4,8.0
15,1,7,1,1,1,CRF,,,20220602,1,1,8.0
24,3,0,0,0,0,¬C¬R¬F,1.0,0.0172413793103448,20220524,1,0,8.0
25,3,1,0,0,1,¬C¬RF,26.0,0.4482758620689655,20220524,1,0,8.0
26,3,2,0,1,0,¬CR¬F,5.0,0.0862068965517241,20220524,1,0,8.0
27,3,3,0,1,1,¬CRF,25.0,0.4310344827586206,20220524,1,0,8.0
28,3,4,1,0,0,C¬R¬F,0.0,0.0,20220524,1,0,8.0
29,3,5,1,0,1,C¬RF,1.0,0.0172413793103448,20220524,1,0,8.0
30,3,6,1,1,0,CR¬F,0.0,0.0,20220524,1,0,8.0
31,3,7,1,1,1,CRF,0.0,0.0,20220524,1,0,8.0
8,1,0,0,0,0,¬C¬R¬F,,,20220602,1,1,8.0
9,1,1,0,0,1,¬C¬RF,,,20220602,1,1,8.0
10,1,2,0,1,0,¬CR¬F,,,20220602,1,1,8.0
11,1,3,0,1,1,¬CRF,,,20220602,1,1,8.0
12,1,4,1,0,0,C¬R¬F,,,20220602,1,1,8.0
13,1,5,1,0,1,C¬RF,,,20220602,1,1,8.0
14,1,6,1,1,0,CR¬F,,,20220602,1,1,8.0
4,0,4,1,0,0,C¬R¬F,0.0,0.0,20220628,2,3,8.0
5,0,5,1,0,1,C¬RF,0.0,0.0,20220628,2,3,8.0
1,0,1,0,0,1,¬C¬RF,0.0,0.0,20220628,2,3,8.0
7,0,7,1,1,1,CRF,1.0,0.0027777777777777,20220628,2,3,8.0
42,5,2,0,1,0,¬CR¬F,,,20221012,1,4,8.0
41,5,1,0,0,1,¬C¬RF,,,20221012,1,4,8.0
40,5,0,0,0,0,¬C¬R¬F,,,20221012,1,4,8.0
45,5,5,1,0,1,C¬RF,,,20221012,1,4,8.0
46,5,6,1,1,0,CR¬F,,,20221012,1,4,8.0
47,5,7,1,1,1,CRF,,,20221012,1,4,8.0
6,0,6,1,1,0,CR¬F,0.0,0.0,20220628,2,3,8.0
14,1,6,1,1,0,CR¬F,2.0,0.0070671378091872,20220628,2,3,9.0
8,1,0,0,0,0,¬C¬R¬F,40.0,0.1413427561837456,20220628,2,3,9.0
10,1,2,0,1,0,¬CR¬F,221.0,0.7809187279151943,20220628,2,3,9.0
15,1,7,1,1,1,CRF,0.0,0.0,20220628,2,3,9.0
11,1,3,0,1,1,¬CRF,16.0,0.0565371024734982,20220628,2,3,9.0
12,1,4,1,0,0,C¬R¬F,1.0,0.0035335689045936,20220628,2,3,9.0
13,1,5,1,0,1,C¬RF,0.0,0.0,20220628,2,3,9.0
9,1,1,0,0,1,¬C¬RF,3.0,0.0106007067137809,20220628,2,3,9.0
16,2,0,0,0,0,¬C¬R¬F,5.0,0.032258064516129,20220628,2,3,10.0
17,2,1,0,0,1,¬C¬RF,3.0,0.0193548387096774,20220628,2,3,10.0
23,2,7,1,1,1,CRF,0.0,0.0,20220628,2,3,10.0
22,2,6,1,1,0,CR¬F,0.0,0.0,20220628,2,3,10.0
21,2,5,1,0,1,C¬RF,0.0,0.0,20220628,2,3,10.0
20,2,4,1,0,0,C¬R¬F,0.0,0.0,20220628,2,3,10.0
19,2,3,0,1,1,¬CRF,31.0,0.2,20220628,2,3,10.0
18,2,2,0,1,0,¬CR¬F,116.0,0.7483870967741936,20220628,2,3,10.0
35,4,3,0,1,1,¬CRF,4.0,0.0588235294117647,20220524,1,0,12.0
37,4,5,1,0,1,C¬RF,0.0,0.0,20220524,1,0,12.0
33,4,1,0,0,1,¬C¬RF,0.0,0.0,20220524,1,0,12.0
32,4,0,0,0,0,¬C¬R¬F,3.0,0.0441176470588235,20220524,1,0,12.0
36,4,4,1,0,0,C¬R¬F,0.0,0.0,20220524,1,0,12.0
34,4,2,0,1,0,¬CR¬F,59.0,0.8676470588235294,20220524,1,0,12.0
39,4,7,1,1,1,CRF,0.0,0.0,20220524,1,0,12.0
30,3,6,1,1,0,CR¬F,0.0,0.0,20220628,2,3,12.0
24,3,0,0,0,0,¬C¬R¬F,0.0,0.0,20220628,2,3,12.0
38,4,6,1,1,0,CR¬F,2.0,0.0294117647058823,20220524,1,0,12.0
25,3,1,0,0,1,¬C¬RF,2.0,0.0194174757281553,20220628,2,3,12.0
26,3,2,0,1,0,¬CR¬F,64.0,0.6213592233009708,20220628,2,3,12.0
27,3,3,0,1,1,¬CRF,37.0,0.3592233009708738,20220628,2,3,12.0
28,3,4,1,0,0,C¬R¬F,0.0,0.0,20220628,2,3,12.0
31,3,7,1,1,1,CRF,0.0,0.0,20220628,2,3,12.0
29,3,5,1,0,1,C¬RF,0.0,0.0,20220628,2,3,12.0
39,4,7,1,1,1,CRF,1.0,0.0714285714285714,20220628,2,3,14.0
32,4,0,0,0,0,¬C¬R¬F,0.0,0.0,20220628,2,3,14.0
33,4,1,0,0,1,¬C¬RF,0.0,0.0,20220628,2,3,14.0
34,4,2,0,1,0,¬CR¬F,4.0,0.2857142857142857,20220628,2,3,14.0
35,4,3,0,1,1,¬CRF,9.0,0.6428571428571429,20220628,2,3,14.0
37,4,5,1,0,1,C¬RF,0.0,0.0,20220628,2,3,14.0
38,4,6,1,1,0,CR¬F,0.0,0.0,20220628,2,3,14.0
36,4,4,1,0,0,C¬R¬F,0.0,0.0,20220628,2,3,14.0
5,0,5,1,0,1,C¬RF,,,20220602,1,1,16.0
4,0,4,1,0,0,C¬R¬F,,,20220602,1,1,16.0
7,0,7,1,1,1,CRF,,,20220602,1,1,16.0
0,0,0,0,0,0,¬C¬R¬F,,,20220602,1,1,16.0
1,0,1,0,0,1,¬C¬RF,,,20220602,1,1,16.0
2,0,2,0,1,0,¬CR¬F,,,20220602,1,1,16.0
3,0,3,0,1,1,¬CRF,,,20220602,1,1,16.0
6,0,6,1,1,0,CR¬F,,,20220602,1,1,16.0
40,5,0,0,0,0,¬C¬R¬F,,,20220628,2,3,20.0
41,5,1,0,0,1,¬C¬RF,,,20220628,2,3,20.0
42,5,2,0,1,0,¬CR¬F,,,20220628,2,3,20.0
44,5,4,1,0,0,C¬R¬F,,,20220628,2,3,20.0
45,5,5,1,0,1,C¬RF,,,20220628,2,3,20.0
47,5,7,1,1,1,CRF,,,20220628,2,3,20.0
43,5,3,0,1,1,¬CRF,,,20220628,2,3,20.0
46,5,6,1,1,0,CR¬F,,,20220628,2,3,20.0
45,5,5,1,0,1,C¬RF,,,20220524,1,0,50.0
47,5,7,1,1,1,CRF,,,20220524,1,0,50.0
46,5,6,1,1,0,CR¬F,,,20220524,1,0,50.0
40,5,0,0,0,0,¬C¬R¬F,,,20220524,1,0,50.0
41,5,1,0,0,1,¬C¬RF,,,20220524,1,0,50.0
42,5,2,0,1,0,¬CR¬F,,,20220524,1,0,50.0
43,5,3,0,1,1,¬CRF,,,20220524,1,0,50.0
44,5,4,1,0,0,C¬R¬F,,,20220524,1,0,50.0
